model,accuracy,f1,roc_auc
LogReg_baseline,0.9051,0.9058998512642539,0.965927
NB,0.8738,0.8756650246305419,0.9430474
SVC,0.8993,0.8997511199601792,0.96340428
SGD,0.9032,0.904120443740095,0.9652012
LogReg_best,0.9011,0.9017582199264925,0.96434472
SVC_best,0.9025,0.9032642127195158,0.9647454
