model,accuracy,f1,roc_auc
LogReg_baseline,0.9046,0.9056379821958457,0.9648827599999998
NB,0.8703,0.8721789691534444,0.94161492
SVC,0.8971,0.8976017514180515,0.96185228
SGD,0.9017,0.9028560134400633,0.9640498399999999
LogReg_best,0.9016,0.9025356576862124,0.96315588
SVC_best,0.9018,0.9028876582278481,0.9634785200000001
