model,accuracy,roc_auc
LogReg_baseline,0.9016,0.9630067199999999
NB,0.8704,0.94080428
SVC,0.8979,0.96078372
LogReg_best,0.898,0.9612483599999999
SVC_best,0.8967,0.9616218000000001
