Model,Accuracy,ROC AUC
BiLSTM,0.8471,0.92787734
LSTM,0.8525,0.9276088800000002
BiGRU,0.8479,0.92715404
Transformer,0.8484,0.92672918
GRU,0.8486,0.92577508
SimpleRNN,0.5,0.50296436
